xmodel,avgArea (min 50.0),triCount (max 0),dimX,dimY,dimZ,volume,refs
p7_fxanim_zm_stal_computer_sophia_mod,2.32,170215,126.08,268.26,380.07,12854504.00,2
p7_zm_ctl_rocket_a10_base,7.43,74434,180.77,180.77,233.30,7623504.00,1
p7_zm_ctl_rocket_a10_top,4.36,32330,92.16,92.16,232.86,1977715.25,1
p7_zm_asc_base_centrifuge_btm,17.50,28818,367.92,367.91,89.49,12113138.00,5
p7_zm_moo_teleporter_generator,5.37,24423,116.23,157.57,65.66,1202605.00,5
veh_t7_dlc_truck_russian_base_dead,4.28,22756,250.47,88.84,84.57,1881811.50,2
p7_zm_moo_crate_metal_02,2.38,22468,50.03,49.85,41.28,102962.74,2
p7_zm_asc_console_control_panel_02,1.55,20356,26.14,80.50,43.64,91816.10,5
c_t7_zm_dlchd_shangrila_napalm,0.25,14750,23.05,40.30,69.95,64973.49,1
p7_fxanim_zm_vending_wonder_body_mod,1.94,14184,74.03,56.05,109.49,454355.22,5
p7_zm_asc_console_control_panel_01,1.93,13995,26.13,63.50,50.86,84369.76,4
p7_zm_sta_pile_wood_burnt_small_03,5.85,13798,133.22,186.70,78.57,1954073.50,4
p7_zm_isl_meteor_carved,15.03,13725,205.34,236.45,274.12,13309037.00,2
p7_fxanim_zm_stal_computer_sophia_eye_mod,4.81,12640,90.47,83.95,83.95,637620.31,2
p7_zm_sta_pile_wood_burnt_small_04,5.30,12398,133.22,186.70,36.65,911657.25,28
p7_zm_sta_pile_wood_burnt_small_02,5.53,12398,133.22,186.70,59.30,1474857.63,3
p7_zm_asc_machinery_industrial,2.33,11756,52.79,20.57,85.70,93050.30,2
p6_zm_openhouse1_deck_clump_hd,7.43,11658,258.13,220.19,123.05,6993711.00,2
p6_zm_openhouse1_deck_clump_hd_flipped,7.43,11658,258.13,220.19,123.05,6993711.00,2
p7_zm_sta_stairs_broken_full_piece_library,7.98,11654,110.21,244.38,212.43,5721370.00,2
p7_zm_asc_engine_heli,6.12,11060,60.26,126.17,63.68,484143.97,5
p6_zm_openhouse2_patio_clump_hd,32.89,10867,632.42,420.62,26.41,7025209.50,2
p7_zm_asc_door_buy_gate_right,1.24,10034,83.36,6.99,104.98,61135.87,1
p7_zm_moo_console_control,4.74,10002,51.30,85.57,56.52,248117.25,7
p6_zm_nuked_zombie_ramp_hd,14.50,9605,317.97,225.42,241.62,17318346.00,2
p7_zm_ctl_rocket_a10_mid,11.07,9602,92.18,92.18,174.06,1478887.63,1
p7_zm_sta_couch_destroyed_01,2.66,8797,41.67,90.77,37.75,142781.39,3
p7_zm_moo_window_hangar_04,5.57,8591,14.19,126.02,67.70,121063.94,6
p7_zm_moo_catwalk_teleporter_frame,14.83,8587,159.19,45.26,148.61,1070644.75,2
p7_zm_asc_rocket_arm,1.65,8421,79.79,35.11,72.43,202881.13,2
p6_zm_nuked_longseat_hd,1.88,8031,72.59,30.33,36.70,80805.13,3
p7_zm_sta_power_door,12.37,7708,14.27,117.06,103.01,172108.50,7
p7_zm_moo_tank_gas,7.11,7664,74.97,238.12,81.54,1455517.13,3
veh_t7_dlc_truck_german_bed_attach_camo,4.74,7496,161.41,100.04,37.45,604750.50,2
p6_zm_nuked_bed_hd,4.17,7489,58.00,84.39,49.62,242879.09,5
p7_zm_moo_fan_biolab_noblade,4.75,7447,64.09,68.03,64.09,279416.25,7
p7_zm_moo_space_closet_red,9.69,7411,32.01,77.79,117.25,291962.50,11
dest_zm_nuked_male_01_d0_hd_blackout,0.48,7274,12.61,14.71,64.41,11940.02,5
p7_zm_teddybear_sitting,0.44,6882,20.78,16.90,20.89,7334.91,6
p7_fxanim_zm_castle_weather_vane_base_mod,0.63,6656,64.37,67.74,101.38,442056.16,5
dest_zm_nuked_female_01_d0,0.52,6509,24.30,17.00,68.13,28136.30,2
p7_zm_moo_window_hangar_02_large,22.09,6454,12.11,252.04,135.40,413228.47,2
p7_zm_moo_window_hangar_02,5.52,6454,6.05,126.02,67.70,51653.56,6
dest_zm_nuked_female_03_d0,0.50,6157,25.31,20.14,51.27,26138.33,2
p6_zm_rock_clump_07_hd,4.12,6081,144.22,149.32,44.58,960009.56,3
zombie_vending_nuke_on,1.56,6059,28.92,23.47,91.87,62373.07,5
veh_t7_dlc_truck_russian_parts_attach,0.47,5912,59.66,88.72,55.51,293844.81,2
dest_zm_nuked_female_02_d0,0.57,5862,24.30,16.85,68.13,27894.04,2
dest_zm_nuked_female_02_d0_hd,0.57,5862,24.30,16.85,68.13,27894.04,3
fxanim_zom_nuketown_cabinets_red_mod_hd,4.60,5840,144.79,347.39,99.37,4998337.50,1
door_bunker,11.11,5724,16.80,59.87,95.02,95572.98,7
dest_zm_nuked_male_02_d0,0.72,5697,29.20,19.69,55.63,31985.55,3
dest_zm_nuked_male_02_d0_hd,0.72,5697,29.20,19.69,55.63,31985.55,3
p7_zm_asc_rocket_blast_wall_02,22.63,5666,16.02,136.02,112.03,244107.67,21
veh_t7_dlc_truck_russian_flatbed_attach,9.37,5652,156.42,95.56,25.61,382750.22,2
p7_zm_moo_airlock_wall_section_01a_white,10.08,5550,30.60,64.00,114.03,223339.94,2
p6_zm_openhouse1_roof_clump_hd,48.29,5542,416.61,595.46,146.72,36396924.00,2
p7_zm_moo_airlock_wall_section_03a_red,12.40,5528,49.63,65.51,127.00,412859.00,2
p6_zm_trellis_white_front_hd,14.86,5441,218.39,78.46,147.05,2519711.75,2
p7_zm_asc_crate_metal_01,2.46,5428,64.45,36.87,30.47,72394.51,24
veh_t7_dlc_truck_russian_interior_dead,3.80,5358,48.95,69.03,58.83,198800.42,2
p6_zm_rock_clump_05_hd,9.37,5290,182.33,278.95,67.99,3457859.75,2
p7_zm_moo_computer_rocket_launch,2.84,5067,32.24,26.27,63.19,53515.18,5
p7_zm_isl_power_station_panel_03,5.92,5020,64.00,34.20,102.00,223237.45,4
p7_zm_moo_box_electrical_teleporter,2.39,4986,29.11,28.96,29.27,24680.21,2
p7_zm_isl_power_station_panel_02,6.63,4748,64.00,41.96,102.00,273912.66,4
dest_zm_nuked_male_01_d0,0.88,4658,23.48,22.22,64.34,33557.48,4
p6_zm_nuked_rock_clump_02_hd,13.66,4430,230.34,168.02,97.49,3773206.00,2
aac_hotel_couch_01,4.82,4422,88.00,40.73,32.69,117178.20,2
kitchen_old_refrigerator_iw6,3.94,4417,35.87,38.70,76.50,106173.88,3
kitchen_old_refrigerator_iw6_red,3.94,4417,35.87,38.70,76.50,106173.88,2
p7_zm_isl_power_station_panel_01,6.82,4356,64.00,35.83,102.00,233876.39,4
p6_zm_nuked_bed_bunk_hd,5.54,4348,50.03,106.21,49.77,264445.25,23
p6_zm_openhouse1_stairs_boards_clump_hd,11.03,4340,172.14,396.12,136.99,9341133.00,2
p7_zm_asc_cabinet_electronic_01,2.73,4222,30.40,24.41,73.51,54546.55,2
p7_zm_sta_cabinet_wood_02,15.76,3955,142.05,44.16,44.12,276768.75,2
p7_zm_ctl_weather_vane_dragon_arrow,1.01,3932,98.60,2.68,46.50,12288.38,1
aac_couch_01_armchair,2.19,3872,39.37,36.21,45.65,65075.84,2
p7_zm_asc_pipes_gas_02,0.75,3828,10.55,31.88,38.29,12881.60,2
p7_light_lamppost_ornate_01_fixture,0.52,3824,37.71,18.72,42.53,30021.88,2
p6_zm_openhouse2_deck_clump_hd,13.66,3704,215.35,150.80,16.05,521376.78,2
p6_zm_nuked_wood_chair_01_hd,0.98,3696,24.53,27.21,50.69,33843.95,14
p7_zm_isl_bunker_door_main_left,8.15,3650,74.59,12.44,109.50,101583.41,34
p7_zm_isl_bunker_door_main_right,8.15,3645,74.59,12.44,109.50,101583.45,33
p6_zm_openhouse1_craterwall_beams_clump_hd,23.03,3596,16.79,543.50,253.51,2313765.50,2
p7_zm_sta_cabinet_antique_dmg,6.57,3528,56.32,22.32,77.14,96986.60,2
p7_zm_moo_gate_rolling_wheel,37.99,3454,578.01,38.85,177.19,3978552.00,2
door_bo2_dmg,3.23,3068,8.83,60.13,58.38,30983.18,3
dest_zm_nuked_male_01_head_hd,0.07,2986,8.60,6.38,9.56,524.73,3
dest_zm_nuked_male_01_head,0.07,2986,8.60,6.38,9.56,524.73,1
aac_wall_slats_wood_01_frame,23.99,2910,149.90,8.73,136.04,178060.98,2
p7_zm_ctl_vril_generator,0.04,2710,3.46,3.46,11.98,143.08,2
p7_zm_asc_wire_bundle_t,13.31,2683,89.57,128.21,18.97,217831.45,2
p7_zm_sta_desk_wood_burnt,14.13,2575,83.31,29.46,37.43,91866.71,3
fxanim_zom_nuketown_cabinets_brwn_mod_hd,4.82,2552,52.72,156.89,100.19,828650.38,1
p7_zm_asc_control_panel_03,0.25,2552,26.00,3.59,8.84,826.04,7
p7_zm_moo_console_panel_side,0.49,2488,11.00,12.41,21.00,2867.71,2
p7_zm_asc_base_centrifuge_magnet,30.70,2402,156.47,156.46,64.59,1581104.75,5
p7_zm_asc_transformer_floorunit,9.91,2402,32.56,28.84,77.71,72970.10,2
p7_zm_sta_robot_hand_01_cables,2.54,2400,219.06,112.96,25.92,641314.63,17
p6_zm_deck_wood_awning_hd,38.53,2258,308.36,147.00,156.19,7080131.00,3
fxanim_zom_nuketown_cabinets_brwn02_mod_hd,4.55,2202,155.88,186.23,104.45,3032082.50,1
veh_t7_dlc_truck_russian_wheel_rear_dead,2.83,2176,40.81,21.20,34.92,30210.84,3
p7_zm_sta_cabinet_vintage,10.84,2164,17.93,41.80,54.09,40537.75,2
p7_zm_asc_beam_support_double,6.96,2146,51.55,26.66,149.45,205381.98,9
p6_zm_nuked_kitchen_counter_sink_hd,10.38,2122,58.91,36.27,46.52,99409.23,2
p6_zm_nuked_red_kitchen_counter_sink_hd,10.38,2122,58.91,36.27,46.52,99409.23,2
par_street_lamp_04,2.73,2044,50.84,22.32,177.47,201390.28,4
par_street_lamp_01,2.74,2044,22.32,22.32,186.70,92996.02,3
par_street_lamp_02,2.73,2044,80.45,22.32,164.21,294864.97,3
p7_zm_isl_bunker_door_frame_main,16.26,2030,160.00,72.50,122.00,1415200.13,33
p6_zm_nuked_bookshelf_dmg_hd,39.00,2014,41.17,112.10,110.21,508665.84,2
p6_zm_wood_fence_double_01_hd_white_burn,21.04,1996,213.06,38.93,79.98,663420.06,2
p6_zm_wood_fence_double_01_hd_white,21.04,1996,213.06,38.93,79.98,663420.06,4
p6_zm_nuked_red_kitchen_cabinets_c_hd,28.19,1984,167.00,28.52,36.50,173874.11,3
p6_zm_nuked_kitchen_cabinets_c_hd,28.19,1984,167.00,28.52,36.50,173874.11,2
attache_door_bunker,3.86,1940,6.62,6.46,95.02,4066.44,7
dest_zm_nuked_male_02_head,0.11,1932,8.45,6.64,11.44,642.46,1
p7_zm_moo_airlock_cage_door_01_rt,2.48,1896,1.48,28.25,58.00,2429.45,3
p_us_chess_hd,0.27,1884,25.26,25.10,5.85,3712.30,2
aac_wall_light_02,1.27,1858,22.72,20.77,40.29,19012.86,5
par_fireplace_ash_pile_01,1.15,1855,46.06,40.69,6.67,12504.44,3
p7_zm_gen_flogger_trap_fuse_box,1.29,1845,10.13,20.18,39.39,8051.81,4
aac_wall_clock_01,2.25,1844,16.00,11.00,41.00,7216.00,2
veh_t7_dlc_truck_russian_wheel_front_dead,2.19,1822,40.75,14.12,35.24,20279.09,3
dest_zm_nuked_female_02_head,0.13,1768,9.71,6.56,10.23,652.31,1
dest_zm_nuked_female_03_head,0.13,1768,9.71,6.56,10.23,652.31,1
dest_zm_nuked_female_01_head,0.13,1766,9.28,7.28,10.23,690.56,1
p7_zm_moo_vent_metal,37.72,1762,45.35,130.53,107.00,633384.56,2
p7_zm_asc_wire_bundle_straight_128,16.47,1760,128.05,50.93,21.87,142643.92,9
p_glo_dresser1_hd,9.64,1746,23.30,47.00,35.50,38878.19,4
trotoir_bo4_3,6.47,1745,128.00,24.00,10.37,31846.19,8
p7_zm_isl_power_plant_cabinet,27.69,1716,108.01,36.51,96.01,378694.78,4
fxanim_zom_nuketown_shutters_mod_hd,21.56,1696,366.39,9.46,71.50,247936.53,1
sphere_emp_tower,1.77,1612,30.00,29.89,29.89,26794.53,1
p7_fxanim_zm_vending_wonder_ball_mod,1.77,1612,30.00,29.89,29.89,26794.53,5
p7_zm_asc_sign_rocket_centrifuge_full,2.75,1588,7.48,57.89,16.02,6932.08,6
p7_zm_isl_door_metal_double_lt,15.09,1491,6.68,62.21,107.71,44761.60,4
p7_zm_isl_door_metal_single_rt,13.98,1458,6.68,70.72,95.01,44882.34,4
p7_zm_moo_lab_upper_wall_console_01,11.66,1438,116.00,24.08,119.00,332379.25,13
p_glo_dresser1_drawer_hd,3.62,1398,18.10,38.00,7.25,4986.60,13
p6_zm_nuked_floodlight_a_hd,29.13,1311,102.10,174.81,459.46,8200810.00,6
p6_zm_wood_fence_single_03_ember_hd_bo4_white,18.35,1272,109.38,11.50,78.99,99333.08,10
p7_zm_asc_airduct_s_long_metal,13.68,1272,64.06,21.04,14.57,19639.42,5
p6_zm_wood_fence_single_03_ember_hd_bo4,18.35,1272,109.38,11.50,78.99,99333.08,14
p6_zm_nuked_barbwire_barricade_hd,15.92,1270,138.89,45.69,49.72,315546.53,12
par_art_deco_cherry_cabinet,16.24,1231,30.87,109.58,34.00,115019.11,2
p7_zm_moo_crate_metal,15.50,1190,49.30,49.30,41.11,99930.00,16
par_art_deco_ceiling_light_01,5.09,1179,46.33,46.33,65.00,139538.83,2
lights_hang_single_part_hd,0.45,1172,11.27,9.46,11.18,1191.51,5
tra_v2_launch_site_fuel_tank_02_b,44.88,1169,108.99,99.15,129.22,1396272.50,5
t6_wpn_taser_knuckles_view,0.12,1134,4.60,3.78,5.89,102.40,1
p7_zm_asc_monitor_vintage,6.73,1132,36.96,29.68,32.28,35411.36,5
p7_zm_isl_barricade_wood_debris_02,0.47,1123,2.52,3.75,38.86,366.54,3
dest_zm_nuked_male_01_arm_right,0.53,1093,20.43,7.87,18.92,3040.94,1
t6_wpn_zmb_perk_bottle_nuke_view,0.26,1072,3.66,3.66,13.42,179.73,4
p7_zm_isl_barricade_wood_debris_06,0.54,1070,2.43,5.08,41.21,509.37,4
p6_zm_wood_fence_single_02_ember_hd_bo4_white,21.19,1042,109.07,9.23,75.07,75580.60,38
p6_zm_wood_fence_single_02_ember_hd_bo4,21.19,1042,109.07,9.23,75.07,75580.60,27
p7_zm_isl_barricade_wood_debris_04,0.67,1039,2.40,4.69,40.66,456.81,4
p_glo_clock_table_hd,0.60,1036,7.09,16.02,9.19,1042.95,3
dest_zm_nuked_male_02_arm_right,0.44,1031,21.31,5.99,19.99,2551.75,1
container_paint_can_02,0.52,1024,7.61,14.32,9.36,1019.65,3
dest_zm_nuked_female_01_arm_left,0.31,1021,18.37,4.74,16.74,1456.85,1
dest_zm_nuked_female_02_arm_left,0.28,1006,16.62,6.67,14.58,1616.52,1
dest_zm_nuked_female_03_arm_left,0.28,1006,16.62,6.67,14.58,1616.52,1
p6_zm_wood_fence_double_01_hd_burn_alt,39.99,998,213.06,38.93,79.98,663420.06,18
p6_zm_wood_fence_double_01_hd,39.99,998,213.06,38.93,79.98,663420.06,7
p7_zm_isl_mirg_cent_table,24.60,996,122.00,34.00,34.00,141032.05,5
dest_pent_chair_console_d0_hd,6.51,994,28.46,28.46,41.41,33546.24,16
dest_zm_nuked_female_01_arm_right,0.34,981,9.84,4.94,21.94,1065.91,1
day_rubble_concrete_chunk_05_nuked,10.19,974,61.11,77.92,12.08,57534.42,6
p7_zm_moo_lab_upper_wall_01,11.71,942,64.00,16.00,128.00,131078.80,2
container_paint_can_01,0.69,940,11.22,11.97,13.15,1766.59,5
dest_zm_nuked_male_01_arm_left,0.45,936,18.19,5.93,23.18,2499.71,1
car_rock_set_sml_03_wet,2.83,924,58.72,75.47,6.81,30165.95,9
car_rock_set_sml_03_wet_nuked,2.83,924,58.72,75.47,6.81,30165.95,53
day_rock_set_sml_01,2.79,924,53.61,91.35,6.81,33336.35,4
dest_zm_nuked_female_03_arm_right,0.30,910,19.65,6.03,7.82,926.91,1
dest_zm_nuked_female_02_arm_right,0.30,910,19.65,6.03,7.82,926.91,1
p6_zm_wood_fence_single_01_ember_hd_lava,23.25,880,109.05,10.78,76.98,90454.64,6
p6_zm_wood_fence_single_01_hd_white,23.25,880,109.05,10.78,76.98,90454.64,16
p6_zm_wood_fence_single_01_hd,23.25,880,109.05,10.78,76.98,90454.64,28
aac_apt_door_wood_02_marron,14.11,848,56.26,8.11,96.00,43800.08,2
aac_apt_door_wood_02,14.11,848,56.26,8.11,96.00,43800.08,9
aac_cardboard_box_02,2.53,847,16.52,24.75,16.59,6783.15,4
p6_zm_nuked_kitchen_counters_a_hd,41.76,822,80.44,37.00,41.50,123515.27,3
p6_zm_nuked_red_kitchen_counters_a_hd,41.76,822,80.44,37.00,41.50,123515.27,3
par_rubble_concrete_pile_01,4.18,816,58.91,64.38,11.24,42630.22,218
fxanim_zom_nuketown_shutters02_mod_hd,34.85,814,351.09,36.82,68.29,882648.50,1
p6_zm_nuked_streetsign_hd,2.65,798,30.50,30.50,133.50,124188.42,2
par_chair_wood_conference_01,4.10,762,20.69,21.93,42.87,19446.52,2
dest_zm_nuked_female_01_head_hd,0.31,756,9.28,7.49,10.23,711.49,2
dest_zm_nuked_female_02_head_hd,0.31,756,9.28,7.49,10.23,711.49,1
dest_zm_nuked_female_02_head_hd_bo4,0.31,756,9.28,7.49,10.23,711.49,1
dest_zm_nuked_female_01_head_hd_bo4,0.31,756,9.28,7.49,10.23,711.49,1
dest_zm_nuked_female_03_head_hd_bo4,0.31,756,9.28,7.49,10.23,711.49,1
p7_zm_asc_door_buy_gate_lg_wheel_bar,3.24,754,6.94,248.21,2.96,5102.21,2
dest_zm_nuked_male_02_head_hd_bo4,0.29,746,8.60,6.38,9.56,524.73,1
dest_zm_nuked_male_01_head_hd_bo4,0.29,746,8.60,6.38,9.56,524.73,1
p7_zm_vending_packapunch,41.29,737,85.53,48.12,86.44,355755.25,1
p7_zm_vending_packapunch_on,41.29,737,85.53,41.96,75.80,272017.28,1
p6_zm_nuked_armoire_hd,20.00,734,48.00,21.82,86.98,91112.73,1
p6_zm_nuked_kitchen_cabinets_b_hd,28.35,722,54.72,28.53,36.50,56981.99,3
p6_zm_nuked_kitchen_counters_b_hd,31.71,721,56.94,37.00,41.51,87458.92,3
p6_zm_nuked_red_kitchen_counters_b_hd,31.71,721,56.94,37.00,41.51,87458.92,3
p6_zm_wood_fence_single_02_ember_hd,30.36,718,109.08,9.68,75.80,80021.22,2
p6_zm_nuked_kitchen_cabinets_a_hd,21.60,714,53.49,28.53,28.50,43494.73,2
aac_apt_door_wood_01,19.03,698,56.27,8.10,96.00,43772.93,1
c_zom_dlchd_moon_quad_body,3.95,697,23.83,41.69,60.83,60430.76,1
fxanim_gp_pant01_mod_hd,3.81,680,20.72,12.07,42.39,10602.02,1
trotoir_bo4_1,10.98,668,128.00,24.00,10.24,31468.41,5
aac_kitchen_chair_01_dmg,2.80,660,20.00,22.00,36.00,15840.00,2
wpn_t7_zmb_hd_auto_turret,10.98,651,85.68,44.90,59.08,227253.66,1
p7_zm_asc_tv_mount_lrg,4.62,644,10.00,46.00,90.00,41400.00,15
p7_light_spotlight_generator_02,16.33,642,33.52,58.80,115.97,228578.11,3
par_cabinet_shutter_02,38.32,597,58.90,25.50,80.00,120156.01,2
com_potted_plant_small_des,1.33,580,11.78,12.47,19.23,2824.84,17
p6_zm_nuked_couch_02_hd,21.48,564,77.24,31.32,29.66,71734.56,3
mp_nuked_townsign_counter_hd,2.22,560,5.79,18.93,18.93,2073.93,1
p7_zm_sta_stair_library_broken_floor_01,16.95,546,14.11,56.32,8.06,6400.71,4
p6_zm_deck_handrail_support_4b_burnt_hd,1.36,538,38.03,2.81,19.84,2120.07,3
p6_zm_deck_handrail_support_4b_hd,1.36,538,38.03,2.81,19.84,2120.07,9
p6_zm_al_food_table_lod0,33.44,504,44.01,150.02,32.00,211263.50,7
car_table_02_dmg,37.83,494,112.00,58.00,36.00,233856.00,2
c_zom_dlc4_apothicon_fury_fb,13.52,492,55.60,52.79,68.00,199624.27,1
dest_zm_nuked_male_03_head_hd_bo4,0.46,483,8.45,6.64,11.44,642.46,1
farmtools_saw_01,1.54,482,57.25,9.05,1.11,573.65,4
p6_zm_nuked_couch_01_hd,25.11,480,86.17,33.95,29.13,85240.49,4
aac_kitchen_chair_01,4.10,480,20.00,22.00,36.00,15840.00,3
p7_cai_statue_lion_standing,45.30,453,52.31,109.62,97.65,559897.75,3
car_table_02,42.49,450,112.00,58.00,36.00,233856.03,2
p7_truss_framing_modular_intersection,3.18,448,16.00,13.99,14.73,3297.66,2
misc_paint_brush_roller_01,0.38,444,18.90,12.87,2.85,693.19,2
par_art_deco_standing_clock_01,16.21,443,22.51,22.51,84.11,42614.13,2
p6_zm_hr_rebar_group_01_lod0,3.31,440,32.12,96.17,38.48,118870.02,2
par_door_wood_ornate_01_right,29.30,438,56.35,8.44,96.00,45653.32,2
par_door_wood_ornate_01_left,29.29,438,56.35,8.44,96.00,45653.33,2
par_door_wood_ornate_02_left,29.29,438,56.35,8.44,96.00,45653.33,2
trotoir_bo4_7,20.34,412,127.78,30.37,15.37,59654.07,6
trotoir_bo4_4,20.43,412,126.82,30.60,10.31,40008.69,2
trotoir_bo4,21.17,412,128.00,24.00,10.31,31669.53,41
trotoir_bo4_6,20.21,412,126.09,32.24,10.31,41905.65,2
trotoir_bo4_5,20.74,412,127.59,27.93,10.31,36743.29,5
cob_door_storefront_02,34.85,405,56.00,7.44,100.00,41665.14,2
car_table_04,26.15,397,78.00,38.00,36.00,106704.00,2
dest_zm_nuked_male_02_arm_left,1.00,394,10.17,5.60,20.32,1156.78,1
p7_cai_apt_couch_lounge,43.04,368,127.94,39.09,21.40,107004.74,3
p6_zm_nuked_red_kitchen_cabinets_b_door_right_hd,4.28,366,25.52,3.30,29.00,2439.36,2
p6_zm_nuked_kitchen_cabinets_b_door_left_hd,4.28,366,25.52,3.30,29.00,2439.36,6
p6_zm_nuked_red_kitchen_cabinets_b_door_left_hd,4.28,366,25.52,3.30,29.00,2439.36,4
p6_zm_nuked_kitchen_cabinets_a_door_left_hd,3.08,364,24.81,3.29,20.99,1715.62,2
p6_zm_nuked_kitchen_cabinets_a_door_right_hd,3.08,364,24.81,3.29,20.99,1715.62,2
p6_zm_nuked_red_kitchen_counter_sink_door_left_hd,5.30,364,27.85,3.28,33.00,3013.84,2
p7_truss_framing_modular_section_128,11.44,364,14.73,13.05,128.00,24606.39,4
p6_zm_nuked_kitchen_counters_door_right_hd,4.87,364,25.57,3.28,33.00,2766.30,3
p6_zm_nuked_red_kitchen_counters_door_right_hd,4.87,364,25.57,3.28,33.00,2766.30,2
p7_brick_broken_worn_dirty_pile_03_brown,10.80,355,53.00,118.40,9.40,59009.20,3
fxanim_gp_roofvent_small_mod_hd,3.92,348,25.56,4.56,30.88,3600.18,1
p7_vld_telephone_pole_01,47.82,346,82.78,105.50,407.72,3560812.50,9
fxanim_gp_shirt01_mod_hd,2.81,339,20.57,3.99,30.96,2540.37,1
p7_zod_booth_table_round,12.42,332,41.56,41.54,36.68,63330.84,3
fxanim_gp_dress_mod_hd,6.62,312,19.15,9.01,54.61,9424.27,1
p7_cai_ceiling_fan_metal_damaged,10.37,302,90.54,49.20,24.17,107656.06,8
p7_vld_vent_fan_01_cover_gray,42.84,300,115.89,19.91,119.34,275355.25,30
p7_bicycle,23.37,300,75.93,31.56,45.92,110057.56,2
p7_aqu_fan_industrial_metal_02_cover,42.84,300,115.89,19.91,119.34,275355.25,3
p7_eth_rock_rubble_pile_c_grime,21.98,300,69.29,61.26,34.33,145723.25,2
p7_bicycle_dirty,23.37,300,75.93,31.56,45.92,110057.56,1
p7_bicycle_blue_dirty,23.37,300,75.93,31.56,45.92,110057.56,3
p7_zm_moo_tank_holder_top,14.07,294,40.01,34.11,4.51,6155.69,2
fxanim_gp_wirespark_long_mod_hd,0.76,292,5.48,1.00,66.91,366.73,1
fxanim_gp_wirespark_med_mod_hd,0.54,292,5.48,1.00,46.94,257.27,1
p6_zm_garage_door_hinge_grp_hd,1.26,288,86.53,1.13,67.63,6612.58,4
p7_zm_zod_table_ritual_4,32.45,286,53.63,37.79,36.09,73128.73,1
p7_chair_victorian_leather_01_red,32.26,286,47.16,53.61,46.02,116361.18,6
p7_chair_victorian_leather_01_green,32.26,286,47.16,53.61,46.02,116361.18,2
p7_chair_victorian_velvet_01_yellow_worn,32.26,286,47.16,53.61,46.02,116361.36,2
fxanim_gp_tanktop_mod_hd,2.34,280,15.60,4.32,25.28,1701.94,1
lights_hang_single_hd,0.46,277,3.95,6.32,15.14,378.26,5
p7_computer_mobile_military_open,26.06,258,22.58,36.43,61.08,50249.79,2
p7_fxanim_zm_power_switch_mod,41.41,257,39.64,36.86,95.54,139607.67,8
p7_bed_messy_king_pillow_02,5.99,256,42.90,33.18,10.08,14341.36,21
p7_table_endtable_wood_dmg_02,11.31,244,30.05,30.03,31.10,28064.10,7
p7_zm_gen_flogger_trap_fuse_handle,0.44,242,2.82,1.63,22.19,101.98,1
p7_flag_pole_base_01,9.75,242,18.00,18.00,19.08,6180.88,2
p7_ceiling_fan_metal_damaged,12.28,234,90.54,49.20,16.59,73895.60,6
p7_pot_metal_stock,1.69,225,16.76,8.53,5.97,853.02,2
fxanim_gp_cloth_sheet_med01_mod_hd,10.80,224,6.55,66.92,42.22,18495.92,1
p7_ceiling_fan_metal_motor_base,0.45,223,7.98,7.98,4.03,256.81,2
fxanim_zom_al_paper_pile_64x64_01_mod_lod0,12.08,211,63.44,68.59,3.29,14311.12,13
t6_wpn_taser_knuckles_world,0.59,210,4.26,3.78,5.66,91.10,1
p7_ladder_metal_secured_cap,5.86,198,16.50,31.00,28.00,14321.36,2
p7_cart_utility_electric_01_steering_wheel,2.72,196,19.02,14.71,40.92,11444.89,3
p7_debris_plaster_rubble_med_01,3.42,194,0.97,23.92,22.19,513.09,46
p7_round_folding_table,47.63,190,73.14,72.74,35.50,188849.80,2
p7_barbed_wire,12.32,188,109.75,29.56,29.74,96486.59,107
p6_zm_nuked_red_kitchen_drawer_a_hd,15.03,186,25.00,36.48,6.00,5471.73,7
p6_zm_nuked_red_kitchen_drawer_b_hd,22.46,186,25.00,36.48,12.00,10943.45,3
p6_zm_nuked_kitchen_drawer_a_hd,15.03,186,25.00,36.48,6.00,5471.73,7
p6_zm_nuked_kitchen_drawer_b_hd,22.46,186,25.00,36.48,12.00,10943.45,3
p7_zm_sta_stair_broken_library_01,11.49,184,14.04,20.79,8.50,2482.18,2
car_buffet_table_door_01,22.89,183,46.04,3.06,30.00,4219.59,2
p7_cai_security_room_panel_power_a,12.55,182,52.72,6.39,44.29,14931.28,1
p7_3d_txt_antiqua_bold_03_yellow,15.91,180,30.39,4.00,44.63,5424.73,2
p7_debris_plaster_rubble_med_03,3.97,178,0.97,21.63,24.38,509.98,23
p7_can_milk_vintage_metal,6.59,172,14.00,13.71,23.98,4600.63,2
p7_medical_surgical_cart_metal_01,44.78,172,28.25,40.11,36.67,41561.99,2
p7_eth_light_sconce_wall,3.15,164,7.90,19.95,70.01,11038.77,2
p7_brick_broken_worn_dirty_pile_01_brown,12.28,160,29.82,34.58,9.83,10141.06,3
p7_piano_bench_vintage_velvet_worn,17.04,160,17.54,37.60,22.25,14677.70,2
ndy_bunker_wall_shelf_01,6.93,156,36.00,10.00,14.00,5040.00,9
p7_zm_zod_fuse,0.27,152,1.86,1.89,6.27,22.05,1
p7_cinder_block,4.99,148,16.16,6.23,8.01,807.17,8
p7_zm_der_light_shade,8.29,146,24.20,24.20,11.00,6442.89,2
par_door_handle_01,0.31,144,8.28,2.69,1.43,31.76,17
p7_lab_bio_canister_weapon_nova6,27.27,138,19.24,19.49,37.24,13963.19,2
deb_wood_planks_04,34.98,136,15.21,134.15,7.31,14917.92,15
p_t7_zm_dlchd_moon_viewhelmet,6.01,135,13.17,12.74,13.56,2274.38,1
p6_zm_deck_handrail_support_1b_burnt_hd,1.22,134,2.96,2.53,16.16,121.16,6
p6_zm_deck_handrail_support_1b_hd,1.22,134,2.96,2.53,16.16,121.16,5
p7_medical_monitor_wall_mounted,26.85,132,41.44,21.64,54.85,49179.00,2
p7_zm_sta_splinter_clump_01,20.01,128,18.71,16.02,2.02,606.55,4
p7_pipe_metal_hp_12_t_joint_grey_dk,26.09,124,32.00,18.00,25.00,14400.00,17
wood_bo4_4_blue,20.36,120,7.30,10.00,52.25,3815.83,13
wood_bo4_4_vert,20.36,120,7.30,10.00,52.25,3815.83,4
wood_bo4_2_jaune_clean,20.41,120,7.30,10.00,52.25,3815.83,22
p7_cart_utility_electric_01_guard,31.10,120,102.58,63.59,14.33,93512.48,3
wood_bo4_2_vert,20.41,120,7.30,10.00,52.25,3815.83,2
wood_bo4_2_blue,20.41,120,7.30,10.00,52.25,3815.83,13
wood_bo4_4_jaune_clean,20.36,120,7.30,10.00,52.25,3815.83,21
wood_bo4_4,20.36,120,7.30,10.00,52.25,3815.83,88
wood_bo4_2_vert_pomme,20.41,120,7.30,10.00,52.25,3815.83,18
wood_bo4_4_vert_pomme,20.36,120,7.30,10.00,52.25,3815.83,14
wood_bo4_2,20.41,120,7.30,10.00,52.25,3815.83,6
p7_ladder_metal_secured_64,17.90,116,8.50,32.00,64.00,17409.66,3
p7_chair_wing_back_red,27.97,116,30.48,25.73,45.37,35582.79,3
p7_light_hanging_egyptian_01,11.99,112,18.00,18.00,85.06,27558.84,4
p7_light_hanging_egyptian_01_backlit,11.99,112,18.00,18.00,85.06,27558.84,2
p7_light_hanging_half_globe,18.63,110,25.20,25.23,54.95,34923.88,2
p7_ladder_metal_secured_128,30.80,110,8.50,32.00,128.00,34819.33,20
ct_plaster_debris_02,2.89,109,46.41,56.58,1.13,2977.10,58
p7_3d_txt_antiqua_bold_s_black_tiny,0.32,108,3.50,0.40,4.46,6.25,6
p7_3d_txt_antiqua_bold_h_black_tiny,0.42,108,5.25,0.40,4.46,9.37,2
p7_planter_metal_design_01,3.62,106,34.00,0.50,34.00,578.01,5
p7_furn_couch_modern_01_seat_l,45.87,104,41.70,38.91,14.59,23676.81,3
p7_light_sconce_vintage_01_broken,1.11,104,7.54,5.95,11.21,502.94,16
p7_pipe_metal_hp_12_valve_01_grey_dk,34.89,102,36.50,19.69,32.00,22996.91,17
p7_light_lamp_vintage_02,2.42,102,9.26,10.46,20.37,1973.78,3
p7_3d_txt_antiqua_bold_e_black_tiny,0.40,100,4.17,0.40,4.46,7.44,3
p7_3d_txt_antiqua_bold_u_black_tiny,0.32,100,4.86,0.40,4.46,8.68,2
p7_weapon_rack_safehouse_02_slide_rack_01,20.90,98,42.91,10.69,35.81,16427.19,1
p7_cai_light_train_signal_small_light,9.40,98,24.94,8.36,29.60,6174.37,3
p7_light_chandelier_vintage_01_broken,9.22,98,21.18,19.57,36.22,15014.34,2
p7_hazmat_gas_mask,2.24,97,8.89,12.90,13.33,1528.64,1
wood_bo4_1_vert_pomme,15.35,96,7.30,10.00,30.91,2257.39,11
wood_bo4_1,15.35,96,7.30,10.00,30.91,2257.39,14
p7_3d_txt_antiqua_bold_m_black_tiny,0.59,96,6.15,0.40,4.46,10.97,3
p7_sgen_wall_divider_medical_light,45.37,96,57.55,16.00,18.35,16888.61,2
wood_bo4_1_bleu,15.35,96,7.30,10.00,30.91,2257.39,6
wood_bo4_1_jaune_clean,15.35,96,7.30,10.00,30.91,2257.39,19
wood_bo4_1_vert,15.35,96,7.30,10.00,30.91,2257.39,2
p7_debris_plaster_rubble_med_02,8.26,96,0.97,20.89,31.84,642.74,733
p7_cart_utility_electric_01_tire,11.67,96,20.51,7.79,20.51,3277.89,9
p7_zm_asc_tv_mount_platform,25.10,92,23.00,42.00,2.00,1932.00,36
p7_trash_bin_small_01_green_dirty,15.85,92,12.26,17.16,15.87,3337.67,3
p7_3d_txt_antiqua_bold_r_black_tiny,0.47,92,4.73,0.40,4.46,8.45,2
p7_cart_utility_electric_01_seat,22.49,90,21.94,20.65,23.52,10656.11,5
p7_pipe_metal_hp_12_elbow_90_bare_dmg,21.89,88,25.00,18.00,25.00,11250.00,31
p7_3d_txt_antiqua_bold_y_black_tiny,0.36,80,4.69,0.40,4.46,8.38,3
p7_3d_txt_antiqua_bold_w_black_tiny,0.63,80,7.13,0.40,4.46,12.72,2
p7_brick_broken_worn_dirty_pile_02_red,13.54,80,53.39,61.94,7.90,26122.49,3
p7_3d_txt_antiqua_bold_n_black_tiny,0.55,80,5.18,0.40,4.46,9.25,2
p7_pipe_metal_hp_12_straight_64_grey_dk,40.97,80,18.00,18.00,64.00,20736.00,311
p7_pipe_metal_hp_12_straight_32_grey_dk,27.25,80,18.00,18.00,32.00,10368.00,3
p7_zm_der_light_wall_mount,7.96,76,32.02,4.89,14.07,2201.56,2
p7_hose_01,3.51,75,13.15,25.20,48.36,16019.43,3
p7_light_chandelier_vintage_01,14.38,74,22.20,19.77,36.22,15890.13,3
p7_mask_african_01,4.73,74,2.82,11.73,20.81,688.38,2
p7_zur_nw_generator_tank_bolt,3.51,74,6.90,53.40,38.78,14295.94,5
p7_cai_street_signage_bracket_01,1.35,72,6.63,8.74,1.65,95.35,1
p7_door_handle_chrome_01,1.22,72,1.40,5.09,17.40,124.08,71
fence_debris_nuked_2,37.89,70,6.61,6.78,76.98,3453.43,14
fence_debris_nuked_2_brown,37.89,70,6.61,6.78,76.98,3453.43,3
p7_pottery_terracotta_e_orange_soil,23.46,68,20.70,20.70,29.45,12619.27,6
p7_trashcan_street_metal_lid_01_wet,17.22,68,26.00,26.13,2.80,1898.63,7
p7_global_chainlink_fence_concrete_base_white,5.49,68,13.78,13.41,12.19,2253.80,6
p7_3d_txt_antiqua_bold_t_black_tiny,0.48,68,4.66,0.40,4.46,8.32,5
p7_trashcan_street_metal_lid_01,17.22,68,26.00,26.13,2.80,1898.63,4
p7_vld_rock_pile_small_01,9.55,66,85.72,112.83,7.06,68301.05,142
p7_book_vintage_open_02_burn,8.04,64,11.30,19.77,2.13,475.21,14
p7_bottle_glass_liquor_02,3.10,64,6.50,6.50,12.15,513.43,2
p7_debris_wood_board_splinter_01,4.72,64,18.15,15.02,1.61,440.04,14
p7_light_led_bulb,0.54,64,2.90,2.90,4.86,40.88,2
p7_chair_folding,25.45,64,23.26,20.95,37.02,18044.99,49
p7_can_metal_open_beans,1.80,62,3.53,3.29,6.66,77.27,4
p7_book_vintage_open_05_burn,8.60,60,11.30,19.77,1.85,413.22,2
p7_3d_txt_antiqua_bold_a_black_tiny,0.53,60,5.07,0.40,4.46,9.06,3
p7_book_vintage_open_03_burn,7.25,60,10.69,17.12,2.14,391.05,4
p6_zm_deck_handrail_support_1a_burnt_hd,6.43,60,2.00,3.35,46.00,307.79,2
fx_rifle_shell,0.07,58,0.50,2.45,0.48,0.59,1
p7_zm_zod_gutter_downspout_02,24.71,58,12.76,5.80,48.43,3584.10,5
fx_rifle_shell_blur,0.03,58,0.36,1.73,0.34,0.21,1
p7_book_vintage_open_04_burn,8.96,58,11.44,19.61,1.86,416.75,4
p7_cai_plate_metal_02,8.43,56,17.22,17.22,1.64,486.44,3
p7_3d_txt_antiqua_bold_p_black_tiny,0.60,56,4.05,0.40,4.46,7.22,2
p7_3d_txt_antiqua_bold_o_black_tiny,0.88,56,5.07,0.40,4.46,9.04,4
p7_3d_txt_antiqua_bold_d_black_tiny,0.86,56,4.86,0.40,4.46,8.67,4
p7_tiedown_i_hook_metal_01,0.52,54,3.28,0.75,11.32,27.93,41
fence_debris_nuked_1,24.28,50,6.09,2.16,62.65,823.88,392
p7_eth_rock_cluster_03,47.65,50,87.73,77.33,16.47,111711.38,3
fence_debris_nuked_1_brown,24.28,50,6.09,2.16,62.65,823.88,7
p7_book_vintage_open_01_burn,10.67,48,11.30,19.77,2.13,475.64,10
p7_book_nuketown_open_disabled,10.67,48,11.30,19.77,2.13,475.64,1
p7_book_nuketown_open_01,10.67,48,11.30,19.77,2.13,475.64,1
p7_roof_tile_slate_01_32x32a_dmg,48.84,48,48.04,32.05,1.20,1845.60,4
p7_zm_isl_map_bunker_speciman,42.66,48,0.88,32.00,32.00,900.47,10
p7_debris_wood_board_2pc_4x4x128_lt_burn,21.16,48,74.08,3.87,4.00,1146.68,20
p7_debris_wood_board_cluster_burn_04,21.28,48,40.21,44.32,4.04,7200.98,6
p7_coffee_maker_digital_pot_dirty,4.57,48,10.56,7.60,7.28,584.09,2
p7_book_nuketown_open_01_autel,10.67,48,11.30,19.77,2.13,475.64,1
p7_debris_wood_board_cluster_burn_01,31.15,48,40.62,41.04,4.10,6833.25,5
p7_debris_wood_plank_old_32,18.63,48,12.00,32.00,2.80,1074.23,57
p7_cai_hav_rock_boulder_med_02,42.14,48,29.80,29.63,15.24,13455.76,2
p7_cai_hav_rock_boulder_med_02_no_grime,42.14,48,29.80,29.63,15.24,13455.76,2
p7_can_metal_open,2.39,46,3.53,3.29,6.66,77.27,4
p7_electrical_box_set2_box01,39.26,46,13.64,11.38,24.69,3832.52,5
p7_roof_tile_slate_01_single_16a_dmg,6.17,44,15.92,8.62,1.22,167.08,2
p7_3d_txt_antiqua_bold_i_black_tiny,0.49,44,2.21,0.40,4.46,3.94,3
p7_faucet_kitchen_stainless_modern_01_clean,5.50,44,36.12,13.04,15.16,7141.77,2
p7_bed_pillow_barrack_folded,26.76,44,21.33,26.43,12.79,7210.11,2
p7_can_metal_cube_01_small,1.51,44,3.78,5.32,1.69,33.99,2
p7_debris_wood_board_2pc_4x4x128_rt_burn,14.23,44,44.63,3.95,4.00,704.76,6
p7_3d_txt_antiqua_bold_01_yellow,46.65,44,28.21,4.00,44.62,5034.55,2
p7_zm_der_pswitch_handle,8.56,44,18.42,4.44,25.20,2060.67,1
p7_roof_tile_slate_01_single_16b_dmg,6.29,44,16.27,8.62,1.22,170.78,3
p7_debris_asphalt_chunks_sm_08,0.89,42,3.23,3.48,3.30,37.15,382
p7_debris_metal_beam_02_small,11.33,40,32.28,4.73,4.09,623.43,14
bouton_model,3.49,40,9.71,4.88,5.27,249.76,1
p7_fxanim_gp_trash_bag_large_02_green_s3_mod,33.58,37,24.18,15.62,26.46,9998.42,4
p7_can_metal_01_small,0.84,36,3.09,3.09,1.78,17.02,4
p7_desk_metal_old_01_drawer_large_01_rusty,42.75,36,15.51,18.87,14.25,4171.18,4
p7_desk_metal_old_01_drawer_small_01,29.73,36,15.51,18.87,7.13,2085.59,5
p7_window_glass_shard_02_dark,35.64,36,36.39,0.25,25.14,233.05,8
p7_window_glass_shard_02,35.64,36,36.39,0.25,25.14,233.05,7
p7_brick_hvy_grout_brown_breakout_08_nuked,18.07,34,4.84,28.51,15.79,2178.96,7
p7_brick_dirty_breakout_08,18.07,34,4.84,28.51,15.79,2178.96,2
p7_brick_dirty_breakout_tan_07_wet,17.45,34,5.32,28.16,15.86,2375.34,3
p7_brick_hvy_grout_brown_breakout_07_nuked,17.45,34,5.32,28.16,15.86,2375.34,61
p7_brick_hvy_grout_brown_breakout_08_wet,18.07,34,4.84,28.51,15.79,2178.96,5
p7_brick_dirty_breakout_07,17.45,34,5.32,28.16,15.86,2375.34,2
p7_brick_hvy_grout_brown_breakout_08,18.07,34,4.84,28.51,15.79,2178.96,7
p7_brick_hvy_grout_brown_breakout_07,17.45,34,5.32,28.16,15.86,2375.34,31
p7_brick_dirty_breakout_08_wet,18.07,34,4.84,28.51,15.79,2178.96,2
p7_brick_hvy_grout_breakout_08_dirty,18.07,34,4.84,28.51,15.79,2178.96,9
p7_brick_dirty_breakout_10_wet,19.63,32,5.09,34.77,16.00,2833.41,2
p7_brick_hvy_grout_brown_breakout_10,19.63,32,5.09,34.77,16.00,2833.41,2
p7_brick_dirty_breakout_tan_10,19.63,32,5.09,34.77,16.00,2833.41,3
p7_zm_der_transformer_rod,41.19,32,16.00,16.00,45.50,11647.99,5
p7_brick_hvy_grout_brown_breakout_10_nuked,19.63,32,5.09,34.77,16.00,2833.41,6
p7_conduit_metal_2_union,1.26,32,3.00,2.60,3.00,23.43,21
p7_cai_street_sidewalk_old_04_paver_broken_05,2.67,32,4.66,10.57,2.29,112.86,37
p7_brick_hvy_grout_brown_breakout_09_wet,19.97,32,4.89,36.51,15.98,2855.16,2
p7_brick_dirty_breakout_10,19.63,32,5.09,34.77,16.00,2833.41,4
p7_brick_hvy_grout_brown_breakout_10_wet,19.63,32,5.09,34.77,16.00,2833.41,2
p7_brick_hvy_grout_brown_breakout_09_nuked,19.97,32,4.89,36.51,15.98,2855.16,10
p7_brick_hvy_grout_breakout_10_dirty,19.63,32,5.09,34.77,16.00,2833.41,2
p7_zm_zod_gutter_downspout,13.59,32,14.75,6.00,16.00,1415.98,4
p7_cai_street_sidewalk_old_04_paver_broken_01,6.06,28,10.37,7.33,2.41,183.26,74
p7_electrical_box_set2_meterhead01,6.35,28,7.86,4.80,7.85,296.02,3
p7_bottle_glass_liquor_01,7.02,28,5.07,3.31,12.28,205.91,2
p7_light_floodlight_lg_exterior_01_lamp_stem,3.37,28,5.60,6.14,16.29,560.19,3
p7_bullet_shell_casing_pile_556_02,0.08,28,52.28,47.49,0.57,1424.39,97
p7_zm_zod_gutter_downspout_curve,32.17,28,25.11,6.00,35.75,5386.20,4
p7_bullet_shell_casing_pile_556_03,0.08,28,58.21,68.91,0.57,2300.88,61
p7_window_glass_shard_09_dark,13.71,26,24.20,0.25,12.71,77.68,2
p7_window_glass_shard_09,13.71,26,24.20,0.25,12.71,77.68,3
p7_debris_wood_board_2pc_2x8x128_rt_burn,35.55,24,51.58,8.20,2.08,881.45,24
p7_light_track_led_01_black_lit,13.41,24,11.75,8.18,11.59,1114.37,2
p7_roof_tile_slate_01_32x16b_dmg,49.45,24,40.23,16.33,1.20,787.45,2
p7_debris_wood_board_2pc_2x8x128_rt_burn_02,35.55,24,51.58,8.20,2.08,881.45,10
p7_light_lamppost_ornate_01_wallmount,11.71,22,1.47,6.88,26.26,265.95,2
p7_debris_asphalt_chunk_03,36.28,22,21.30,26.10,7.98,4435.25,6
p7_fire_place_tools_rack,27.78,20,20.17,9.65,48.61,9462.15,6
p7_debris_wood_board_2pc_2x4x128_rt_burn,20.22,20,40.65,4.01,2.00,325.71,160
p7_book_vintage_05_burn,16.58,20,11.37,9.30,3.20,338.41,36
p7_zm_der_magic_box_fake,28.14,20,12.97,10.80,14.06,1970.22,1
p7_book_vintage_02_burn,14.47,20,11.30,9.24,2.26,236.14,43
p7_debris_wood_board_2pc_2x4x128_lt_burn_02,36.67,20,71.76,4.01,1.96,564.60,20
p7_book_vintage_06_burn,14.38,20,11.16,9.22,2.25,231.31,45
p7_plank_wood_damaged_2x4x64,39.16,20,3.99,63.93,2.83,721.54,6
p7_debris_wood_board_2pc_2x4x128_rt_burn_02,20.22,20,40.65,4.01,2.00,325.71,33
p7_foliage_plant_hydro_pot_sm,12.75,20,6.93,6.93,6.95,333.70,3
p7_book_vintage_03,11.80,20,10.68,8.00,1.92,164.37,6
p7_debris_wood_board_2pc_2x4x128_lt_burn,36.67,20,71.76,4.01,1.96,564.60,147
p7_medical_rolling_iv_drip,26.74,20,22.43,25.29,70.10,39773.16,2
p7_book_vintage_03_burn,11.80,20,10.68,8.00,1.92,164.37,51
p7_book_vintage_04_burn,14.04,20,11.44,9.21,1.89,198.97,45
p7_window_glass_shard_08_dark,12.60,18,18.04,0.28,11.80,58.70,5
p7_window_glass_shard_08,12.60,18,18.04,0.28,11.80,58.70,2
p7_cai_street_sidewalk_old_04_paver_broken_02,6.93,16,9.50,9.13,2.41,209.02,74
p7_farm_tools_hammer,6.78,16,8.39,22.40,2.14,401.86,4
p7_farm_tools_pliers_02,2.90,16,3.74,15.59,0.93,54.39,4
p7_ceramic_tile_shower_loose_06_brown,5.45,16,11.10,10.97,0.42,50.83,2
p7_ceramic_tile_shower_loose_05_blue_lt,5.72,16,11.51,13.72,0.47,73.63,5
p7_ceramic_tile_shower_loose_04_gray,7.08,16,8.98,11.74,0.41,43.34,2
p7_window_glass_shard_05,30.73,16,21.60,0.25,16.81,91.72,4
p7_ceramic_tile_shower_loose_06_gray,5.45,16,11.10,10.97,0.42,50.83,2
p7_ceramic_tile_shower_loose_06_blue_lt,5.45,16,11.10,10.97,0.42,50.83,3
p7_ceramic_tile_shower_loose_01,8.40,16,8.07,8.06,0.41,26.38,22
p7_window_glass_shard_07,17.85,16,19.33,0.25,11.90,58.10,5
p7_fxp_electric_arc_thin_02,0.14,16,39.41,3.70,3.90,568.35,1
p7_ceramic_tile_shower_loose_02_blue_lt,7.32,16,9.96,9.46,0.43,40.42,2
p7_tape_masking_duct_small,2.64,16,6.00,6.00,1.40,50.40,2
p7_tape_masking_tan_large,2.30,16,6.00,6.00,1.40,50.40,2
p7_tape_masking_tan_small,1.41,16,6.00,6.00,0.70,25.20,6
p7_tape_masking_duct_large,5.22,16,6.00,6.00,2.80,100.80,3
c_zom_zod_zombie_fem_body1_g_rarmspawn,1.62,16,10.08,4.44,4.24,189.80,1
p7_gib_chunk_meat_01,4.31,16,2.61,7.35,8.75,167.67,1
p7_ceramic_tile_shower_loose_03_blue_lt,7.00,16,8.09,8.25,0.41,27.61,2
p7_gib_chunk_flesh_01,2.48,16,4.98,1.51,5.99,45.20,1
p7_gib_chunk_flesh_02,1.75,16,1.42,5.32,4.56,34.36,1
p7_gib_chunk_flesh_03,1.63,16,3.89,1.82,4.60,32.62,1
p7_gib_chunk_bone_01,0.66,16,1.93,2.13,4.84,19.91,1
p7_gib_chunk_bone_02,0.91,16,2.83,3.32,2.05,19.34,1
p7_gib_chunk_bone_03,1.07,16,2.66,4.52,3.11,37.40,1
c_zom_zod_zombie_fem_body1_g_rlegspawn,8.35,16,11.92,8.81,4.88,512.85,1
p7_ceramic_tile_shower_loose_04_blue_lt,7.08,16,8.98,11.74,0.41,43.34,3
p7_fxp_electric_arc_ring_01,0.06,16,0.95,4.13,4.14,16.19,1
p7_fxp_electric_arc_01,0.42,16,39.47,6.29,4.72,1172.50,1
p7_fxp_electric_arc_thin_04,0.13,16,39.39,3.95,3.34,518.82,1
p7_light_sconce_plaza_01,26.97,16,22.42,12.84,9.17,2638.58,3
p7_window_glass_shard_05_snow_backlit,30.73,16,21.60,0.25,16.81,91.72,3
p7_brick_broken_worn_dirty_03_red_lt,7.83,16,5.64,6.31,3.94,140.19,55
p7_zm_der_roof_vent,4.02,16,6.38,6.41,9.35,382.19,2
p7_zm_zod_gutter_section_spout_32,36.58,16,6.19,6.00,36.07,1340.18,4
p7_window_glass_shard_05_dark,30.73,16,21.60,0.25,16.81,91.72,9
p7_window_glass_shard_07_dark,17.85,16,19.33,0.25,11.90,58.10,4
p7_farm_tools_shovel_01,17.90,16,11.43,64.74,4.01,2963.72,3
p7_zm_der2_vending_packapunch_sign_wait,27.90,16,20.44,0.25,21.56,111.32,1
p7_gib_chunk_meat_02,3.93,16,4.00,7.68,5.48,168.48,1
p7_ceramic_tile_shower_loose_01_blue_lt,8.40,16,8.07,8.06,0.41,26.38,16
p7_ceramic_tile_shower_loose_05_gray,5.72,16,11.51,13.72,0.47,73.63,2
p7_ceiling_fan_metal_pole_16,6.30,16,2.10,2.10,15.90,69.95,2
p7_ceramic_tile_shower_loose_03_gray_nuked,7.00,16,8.09,8.25,0.41,27.61,2
p7_ceramic_tile_shower_loose_05,5.72,16,11.51,13.72,0.47,73.63,2
p7_ceramic_tile_shower_loose_04_gray_nuked,7.08,16,8.98,11.74,0.41,43.34,3
p7_ceramic_tile_shower_loose_05_gray_nuked,5.72,16,11.51,13.72,0.47,73.63,4
p7_ceramic_tile_shower_loose_06_gray_nuked,5.45,16,11.10,10.97,0.42,50.83,2
p7_ceramic_tile_shower_loose_05_red_nuked,5.72,16,11.51,13.72,0.47,73.63,4
p7_ceramic_tile_shower_loose_01_red_nuked,8.40,16,8.07,8.06,0.41,26.38,2
p7_ceramic_tile_shower_loose_06_red_nuked,5.45,16,11.10,10.97,0.42,50.83,6
p7_ceramic_tile_shower_loose_03_red_nuked,7.00,16,8.09,8.25,0.41,27.61,3
p7_trophy_taxidermy_plaques_04,44.88,16,23.04,1.76,23.04,935.48,2
p7_debris_wood_plank_old_64b,12.53,16,12.11,64.00,3.02,2344.28,29
c_zom_zod_zombie_fem_body1_g_llegspawn,8.84,15,11.92,8.81,4.88,512.85,1
c_zom_zod_zombie_fem_body1_g_larmspawn,0.75,15,10.08,4.44,4.24,189.80,1
p7_gib_chunk_meat_03,4.97,15,3.14,6.78,7.21,153.74,1
p7_fxp_electric_arc_ring_02,0.09,14,0.98,4.60,3.49,15.72,1
p7_tape_masking_black_small,1.95,14,6.00,6.00,0.70,25.20,2
p7_fxp_electric_arc_ring_03,0.05,14,1.58,3.77,4.25,25.30,1
p7_tape_masking_black_large,2.75,14,6.00,6.00,1.40,50.40,2
p7_light_pro_armory_fluorescent,43.26,12,2.89,48.10,2.41,334.71,4
p7_brick_dirty_01_tan,20.37,12,5.66,11.90,3.95,266.19,5
p7_inf_foy_beginning_house_brick_02_nuked,20.37,12,5.66,11.90,3.95,266.19,6
floating_debris_model_1,0.05,12,0.33,0.33,0.33,0.03,1
floating_debris_model_4,0.05,12,0.33,0.33,0.33,0.03,1
floating_debris_model_5,0.05,12,0.33,0.33,0.33,0.03,1
p7_nuketown_food_candy_bar,2.31,12,5.92,1.59,2.48,23.37,1
p7_electrical_box_set2_meter05,37.95,12,11.05,6.42,13.39,950.92,9
p7_debris_asphalt_chunks_sm_07,8.28,12,13.50,10.44,3.85,542.16,255
floating_debris_model_3,0.05,12,0.33,0.33,0.33,0.03,1
p7_electrical_box_set2_meter01,25.57,12,11.05,5.86,5.22,338.16,9
p7_cai_street_sidewalk_old_04_paver,22.47,12,10.59,10.81,2.29,262.43,39
p7_zm_der_light_bulb_small,4.10,12,2.33,2.33,4.99,27.07,2
p7_nuketown_food_candy_bar_lueur,2.31,12,5.92,1.59,2.48,23.37,1
p7_light_round_spot_flat,15.48,12,7.91,7.91,1.99,124.62,9
p7_pipe_metal_water_straight_64,48.00,12,3.30,3.30,64.00,695.37,11
p7_conduit_metal_1_outlet_plug_e,7.69,12,3.07,3.19,6.12,59.97,16
p7_pipe_metal_water_straight_32,24.00,12,2.90,2.90,32.00,268.71,35
p7_conduit_rust_1_outlet_switch,7.69,12,3.07,3.67,6.12,69.09,7
p7_plank_wood_broken_sml_2x4x64_wet,20.98,12,4.00,21.01,1.99,167.40,12
floating_debris_model_2,0.05,12,0.33,0.33,0.33,0.03,2
p7_roof_tile_wood_02_single_8a,10.13,10,8.10,8.86,2.61,187.57,66
p7_window_glass_shard_10_dark,17.77,10,22.98,0.25,7.55,43.84,2
p7_window_glass_shard_10,17.77,10,22.98,0.25,7.55,43.84,4
p7_zm_zod_phone_vintage,16.32,10,15.10,8.68,7.94,1041.05,4
p7_roof_tile_wood_02_single_6a,8.06,10,6.17,8.86,2.74,149.75,82
p7_roof_tile_wood_02_single_12a,14.38,10,12.07,8.86,2.72,290.98,55
p7_debris_concrete_rubble_bolt,12.48,6,4.48,4.29,5.14,98.58,9
p7_window_glass_shard_06_dark,15.65,6,9.90,0.25,8.18,20.59,3
